b'00010086',2025-04-18 19:21:24
b'00010089',2025-04-18 19:21:24
b'00010076',2025-04-18 19:21:24
b'00010079',2025-04-18 19:21:24
b'00010075',2025-04-18 19:21:24
b'00010073',2025-04-18 19:21:24
b'00010072',2025-04-18 19:21:24
b'00010082',2025-04-18 19:21:24
b'00010080',2025-04-18 19:21:24
b'00010088',2025-04-18 19:21:24
b'00010090',2025-04-18 19:21:24
b'00010081',2025-04-18 19:21:24
b'00010087',2025-04-18 19:21:24
b'00010071',2025-04-18 19:21:24
b'00010091',2025-04-18 19:21:24
b'00010073',2025-04-18 19:25:58
b'00010079',2025-04-18 19:25:58
b'00010089',2025-04-18 19:25:58
b'00010082',2025-04-18 19:25:58
b'00010071',2025-04-18 19:25:58
b'00010081',2025-04-18 19:25:58
b'00010090',2025-04-18 19:25:58
b'00010075',2025-04-18 19:25:58
b'00010088',2025-04-18 19:25:58
b'00010091',2025-04-18 19:25:58
b'e280691500005017aae66494',2025-04-18 19:25:58
b'00010080',2025-04-18 19:25:58
b'00010075',2025-04-18 19:26:12
b'00010080',2025-04-18 19:26:24
b'00010078',2025-04-18 19:26:24
b'00010077',2025-04-18 19:26:24
b'00010086',2025-04-18 19:26:24
b'00010085',2025-04-18 19:26:24
b'00010084',2025-04-18 19:26:24
b'00010092',2025-04-18 19:26:24
b'00010074',2025-04-18 19:26:24
b'00010083',2025-04-18 19:26:24
b'00010087',2025-04-18 19:26:24
b'00010073',2025-04-18 19:26:24
b'00010082',2025-04-18 19:26:24
b'00010072',2025-04-18 19:26:24
b'00010079',2025-04-18 19:26:24
b'e280691500005017aae66494',2025-04-18 19:26:24
b'00010090',2025-04-18 19:26:24
b'00010075',2025-04-18 19:26:24
b'00010088',2025-04-18 19:26:24
b'00010071',2025-04-18 19:26:24
b'00010091',2025-04-18 19:26:24
b'00010089',2025-04-18 19:26:24
b'00010081',2025-04-18 19:26:24
b'00010076',2025-04-18 19:26:24
